-- phpMyAdmin SQL Dump
-- version 4.8.5
-- https://www.phpmyadmin.net/
--
-- Host: localhost:8889
-- Generation Time: Apr 08, 2019 at 04:40 PM
-- Server version: 5.7.25
-- PHP Version: 7.3.1

SET SQL_MODE = "NO_AUTO_VALUE_ON_ZERO";
SET time_zone = "+00:00";

--
-- Database: `laratwitter1`
--

-- --------------------------------------------------------

--
-- Table structure for table `comments`
--

CREATE TABLE `comments` (
  `id` int(10) UNSIGNED NOT NULL,
  `created_at` timestamp NULL DEFAULT NULL,
  `updated_at` timestamp NULL DEFAULT NULL,
  `user_id` int(11) NOT NULL,
  `post_id` int(11) NOT NULL,
  `comments` text COLLATE utf8mb4_unicode_ci NOT NULL
) ENGINE=InnoDB DEFAULT CHARSET=utf8mb4 COLLATE=utf8mb4_unicode_ci;

--
-- Dumping data for table `comments`
--

INSERT INTO `comments` (`id`, `created_at`, `updated_at`, `user_id`, `post_id`, `comments`) VALUES
(3, '2019-02-14 08:57:26', '2019-02-14 08:57:26', 5, 28, 'yes'),
(4, '2019-04-07 05:08:50', '2019-04-07 05:08:50', 170, 604, 'please'),
(5, '2019-04-07 05:47:40', '2019-04-07 05:47:40', 170, 605, 'is this working'),
(6, '2019-04-07 05:47:58', '2019-04-07 05:47:58', 170, 605, 'its coment');

-- --------------------------------------------------------

--
-- Table structure for table `followers`
--

CREATE TABLE `followers` (
  `id` int(10) UNSIGNED NOT NULL,
  `user_id` int(10) UNSIGNED NOT NULL,
  `follower_id` int(10) UNSIGNED NOT NULL,
  `following` tinyint(1) NOT NULL,
  `created_at` timestamp NULL DEFAULT NULL,
  `updated_at` timestamp NULL DEFAULT NULL
) ENGINE=InnoDB DEFAULT CHARSET=utf8mb4 COLLATE=utf8mb4_unicode_ci;

--
-- Dumping data for table `followers`
--

INSERT INTO `followers` (`id`, `user_id`, `follower_id`, `following`, `created_at`, `updated_at`) VALUES
(81, 16, 13, 16, '2019-02-19 06:03:30', '2019-02-19 06:03:30'),
(82, 17, 13, 16, '2019-02-19 10:44:47', '2019-02-19 10:44:47'),
(83, 17, 13, 16, '2019-02-19 10:44:52', '2019-02-19 10:44:52'),
(84, 16, 13, 16, '2019-02-19 11:58:10', '2019-02-19 11:58:10'),
(85, 16, 16, 16, '2019-02-19 11:58:12', '2019-02-19 11:58:12'),
(86, 18, 13, 16, '2019-02-19 12:14:28', '2019-02-19 12:14:28'),
(87, 18, 17, 16, '2019-02-19 12:14:56', '2019-02-19 12:14:56'),
(88, 18, 13, 16, '2019-02-19 12:27:30', '2019-02-19 12:27:30'),
(89, 18, 18, 16, '2019-02-19 12:51:17', '2019-02-19 12:51:17'),
(90, 18, 18, 16, '2019-02-19 12:51:22', '2019-02-19 12:51:22'),
(91, 19, 19, 16, '2019-02-20 00:58:27', '2019-02-20 00:58:27'),
(92, 19, 19, 16, '2019-02-20 00:59:00', '2019-02-20 00:59:00'),
(93, 21, 21, 16, '2019-03-23 05:45:54', '2019-03-23 05:45:54'),
(94, 21, 21, 16, '2019-03-23 05:45:56', '2019-03-23 05:45:56'),
(95, 21, 21, 16, '2019-03-23 05:46:00', '2019-03-23 05:46:00'),
(96, 21, 21, 16, '2019-03-23 06:22:53', '2019-03-23 06:22:53'),
(97, 21, 21, 16, '2019-03-23 06:22:53', '2019-03-23 06:22:53'),
(98, 21, 21, 16, '2019-03-23 06:22:54', '2019-03-23 06:22:54'),
(99, 22, 22, 16, '2019-03-25 22:39:36', '2019-03-25 22:39:36'),
(100, 22, 22, 16, '2019-03-25 22:39:38', '2019-03-25 22:39:38'),
(101, 22, 22, 16, '2019-03-25 22:39:42', '2019-03-25 22:39:42'),
(102, 170, 170, 16, '2019-04-06 10:56:39', '2019-04-06 10:56:39'),
(103, 170, 170, 16, '2019-04-06 10:57:27', '2019-04-06 10:57:27'),
(104, 171, 171, 16, '2019-04-08 20:59:49', '2019-04-08 20:59:49'),
(105, 171, 171, 16, '2019-04-08 22:30:06', '2019-04-08 22:30:06');

-- --------------------------------------------------------

--
-- Table structure for table `migrations`
--

CREATE TABLE `migrations` (
  `id` int(10) UNSIGNED NOT NULL,
  `migration` varchar(255) COLLATE utf8mb4_unicode_ci NOT NULL,
  `batch` int(11) NOT NULL
) ENGINE=InnoDB DEFAULT CHARSET=utf8mb4 COLLATE=utf8mb4_unicode_ci;

--
-- Dumping data for table `migrations`
--

INSERT INTO `migrations` (`id`, `migration`, `batch`) VALUES
(1, '2014_10_12_000000_create_users_table', 1),
(2, '2014_10_12_100000_create_password_resets_table', 1),
(3, '2019_02_10_041157_create_posts_table', 2),
(4, '2019_02_10_063118_create_followers_table', 3),
(5, '2019_02_10_222547_create_comments_table', 4),
(6, '2019_02_13_161729_create_postlikes_table', 5),
(7, '2019_02_14_012345_create_comment_table', 6),
(8, '2019_02_14_051254_create_userdetails', 7);

-- --------------------------------------------------------

--
-- Table structure for table `password_resets`
--

CREATE TABLE `password_resets` (
  `email` varchar(255) COLLATE utf8mb4_unicode_ci NOT NULL,
  `token` varchar(255) COLLATE utf8mb4_unicode_ci NOT NULL,
  `created_at` timestamp NULL DEFAULT NULL
) ENGINE=InnoDB DEFAULT CHARSET=utf8mb4 COLLATE=utf8mb4_unicode_ci;

-- --------------------------------------------------------

--
-- Table structure for table `postlikes`
--

CREATE TABLE `postlikes` (
  `id` int(10) UNSIGNED NOT NULL,
  `postlikes` int(11) NOT NULL,
  `user_id` int(11) NOT NULL,
  `post_id` int(11) NOT NULL,
  `created_at` timestamp NULL DEFAULT NULL,
  `updated_at` timestamp NULL DEFAULT NULL
) ENGINE=InnoDB DEFAULT CHARSET=utf8mb4 COLLATE=utf8mb4_unicode_ci;

--
-- Dumping data for table `postlikes`
--

INSERT INTO `postlikes` (`id`, `postlikes`, `user_id`, `post_id`, `created_at`, `updated_at`) VALUES
(2, 1, 5, 14, '2019-02-14 01:34:32', '2019-02-14 01:34:32'),
(3, 1, 5, 14, '2019-02-14 01:34:36', '2019-02-14 01:34:36'),
(4, 1, 5, 21, '2019-02-14 01:34:57', '2019-02-14 01:34:57'),
(5, 1, 5, 14, '2019-02-14 01:37:46', '2019-02-14 01:37:46'),
(6, 0, 5, 14, '2019-02-14 02:10:20', '2019-02-14 02:10:20'),
(7, 0, 5, 23, '2019-02-14 02:10:27', '2019-02-14 02:10:27'),
(8, 0, 5, 23, '2019-02-14 02:42:02', '2019-02-14 02:42:02'),
(9, 0, 5, 20, '2019-02-14 02:42:08', '2019-02-14 02:42:08'),
(10, 0, 5, 25, '2019-02-14 02:49:51', '2019-02-14 02:49:51'),
(11, 0, 5, 20, '2019-02-14 02:55:36', '2019-02-14 02:55:36'),
(12, 0, 5, 20, '2019-02-14 02:56:07', '2019-02-14 02:56:07'),
(13, 1, 5, 20, '2019-02-14 02:58:22', '2019-02-14 02:58:22'),
(14, 0, 5, 20, '2019-02-14 02:59:29', '2019-02-14 02:59:29'),
(15, 1, 5, 20, '2019-02-14 02:59:30', '2019-02-14 02:59:30'),
(16, 1, 5, 28, '2019-02-14 03:11:13', '2019-02-14 03:11:13'),
(17, 1, 10, 20, '2019-02-15 22:52:37', '2019-02-15 22:52:37'),
(18, 1, 10, 37, '2019-02-16 01:13:22', '2019-02-16 01:13:22'),
(19, 1, 10, 36, '2019-02-16 01:14:28', '2019-02-16 01:14:28'),
(20, 0, 10, 37, '2019-02-16 01:20:28', '2019-02-16 01:20:28'),
(21, 1, 10, 37, '2019-02-16 01:37:31', '2019-02-16 01:37:31'),
(22, 1, 3, 40, '2019-02-16 07:24:34', '2019-02-16 07:24:34'),
(23, 0, 3, 40, '2019-02-16 07:29:28', '2019-02-16 07:29:28'),
(24, 1, 3, 40, '2019-02-16 07:29:33', '2019-02-16 07:29:33'),
(25, 1, 5, 42, '2019-02-17 00:12:23', '2019-02-17 00:12:23'),
(26, 1, 5, 41, '2019-02-17 00:12:28', '2019-02-17 00:12:28'),
(27, 0, 5, 41, '2019-02-17 00:12:30', '2019-02-17 00:12:30'),
(28, 1, 5, 44, '2019-02-17 04:10:32', '2019-02-17 04:10:32'),
(29, 0, 5, 44, '2019-02-17 04:10:34', '2019-02-17 04:10:34'),
(30, 1, 5, 41, '2019-02-17 04:15:31', '2019-02-17 04:15:31'),
(31, 0, 5, 41, '2019-02-17 04:15:32', '2019-02-17 04:15:32'),
(32, 1, 5, 41, '2019-02-17 04:15:35', '2019-02-17 04:15:35'),
(33, 1, 5, 44, '2019-02-17 04:15:44', '2019-02-17 04:15:44'),
(34, 0, 5, 44, '2019-02-17 04:15:46', '2019-02-17 04:15:46'),
(35, 1, 3, 41, '2019-02-17 04:45:12', '2019-02-17 04:45:12'),
(36, 0, 3, 41, '2019-02-17 04:45:14', '2019-02-17 04:45:14'),
(37, 1, 3, 41, '2019-02-17 04:52:24', '2019-02-17 04:52:24'),
(38, 0, 3, 41, '2019-02-17 05:18:07', '2019-02-17 05:18:07'),
(39, 1, 3, 41, '2019-02-17 05:24:15', '2019-02-17 05:24:15'),
(40, 0, 3, 41, '2019-02-17 05:24:17', '2019-02-17 05:24:17'),
(41, 1, 3, 41, '2019-02-17 05:30:14', '2019-02-17 05:30:14'),
(42, 0, 3, 41, '2019-02-17 05:30:16', '2019-02-17 05:30:16'),
(43, 1, 3, 41, '2019-02-17 05:30:49', '2019-02-17 05:30:49'),
(44, 0, 3, 41, '2019-02-17 05:32:43', '2019-02-17 05:32:43'),
(45, 1, 3, 41, '2019-02-17 05:32:44', '2019-02-17 05:32:44'),
(46, 0, 3, 41, '2019-02-17 05:35:08', '2019-02-17 05:35:08'),
(47, 1, 3, 41, '2019-02-17 05:35:10', '2019-02-17 05:35:10'),
(48, 0, 3, 41, '2019-02-17 05:35:13', '2019-02-17 05:35:13'),
(49, 1, 3, 41, '2019-02-17 05:35:17', '2019-02-17 05:35:17'),
(50, 0, 3, 41, '2019-02-17 05:36:08', '2019-02-17 05:36:08'),
(51, 1, 3, 41, '2019-02-17 05:36:11', '2019-02-17 05:36:11'),
(52, 0, 3, 41, '2019-02-17 05:36:38', '2019-02-17 05:36:38'),
(53, 1, 3, 41, '2019-02-17 05:36:49', '2019-02-17 05:36:49'),
(54, 0, 3, 41, '2019-02-17 05:36:51', '2019-02-17 05:36:51'),
(55, 1, 3, 41, '2019-02-17 05:37:46', '2019-02-17 05:37:46'),
(56, 1, 14, 41, '2019-02-17 05:41:03', '2019-02-17 05:41:03'),
(57, 0, 14, 41, '2019-02-17 05:47:04', '2019-02-17 05:47:04'),
(58, 1, 14, 41, '2019-02-17 05:50:58', '2019-02-17 05:50:58'),
(59, 0, 14, 41, '2019-02-17 05:51:38', '2019-02-17 05:51:38'),
(60, 1, 14, 41, '2019-02-17 05:51:59', '2019-02-17 05:51:59'),
(61, 0, 14, 41, '2019-02-17 05:53:54', '2019-02-17 05:53:54'),
(89, 1, 16, 45, '2019-02-18 09:18:51', '2019-02-18 09:18:51'),
(90, 1, 16, 41, '2019-02-18 09:31:56', '2019-02-18 09:31:56'),
(91, 0, 16, 41, '2019-02-18 09:32:01', '2019-02-18 09:32:01'),
(92, 1, 16, 41, '2019-02-18 09:34:09', '2019-02-18 09:34:09'),
(93, 0, 16, 41, '2019-02-18 09:34:12', '2019-02-18 09:34:12'),
(94, 1, 16, 41, '2019-02-18 09:58:54', '2019-02-18 09:58:54'),
(95, 0, 16, 41, '2019-02-18 10:00:13', '2019-02-18 10:00:13'),
(96, 1, 16, 41, '2019-02-18 10:00:16', '2019-02-18 10:00:16'),
(97, 0, 16, 41, '2019-02-18 10:24:41', '2019-02-18 10:24:41'),
(98, 1, 16, 41, '2019-02-18 10:24:43', '2019-02-18 10:24:43'),
(99, 0, 16, 41, '2019-02-18 10:31:47', '2019-02-18 10:31:47'),
(100, 1, 16, 41, '2019-02-18 10:31:57', '2019-02-18 10:31:57'),
(101, 0, 16, 41, '2019-02-18 13:04:37', '2019-02-18 13:04:37'),
(102, 1, 16, 41, '2019-02-18 13:17:38', '2019-02-18 13:17:38'),
(103, 0, 16, 41, '2019-02-18 13:17:40', '2019-02-18 13:17:40'),
(104, 1, 16, 41, '2019-02-18 13:17:59', '2019-02-18 13:17:59'),
(105, 0, 16, 41, '2019-02-18 13:18:00', '2019-02-18 13:18:00'),
(106, 1, 13, 41, '2019-02-19 01:09:33', '2019-02-19 01:09:33'),
(107, 0, 13, 41, '2019-02-19 01:09:36', '2019-02-19 01:09:36'),
(108, 1, 13, 41, '2019-02-19 01:10:24', '2019-02-19 01:10:24'),
(109, 0, 13, 41, '2019-02-19 01:10:26', '2019-02-19 01:10:26'),
(110, 1, 13, 41, '2019-02-19 01:12:28', '2019-02-19 01:12:28'),
(111, 0, 13, 41, '2019-02-19 01:12:30', '2019-02-19 01:12:30'),
(112, 1, 13, 41, '2019-02-19 01:20:56', '2019-02-19 01:20:56'),
(113, 0, 13, 41, '2019-02-19 01:20:58', '2019-02-19 01:20:58'),
(114, 1, 13, 41, '2019-02-19 01:24:34', '2019-02-19 01:24:34'),
(115, 0, 13, 41, '2019-02-19 01:24:36', '2019-02-19 01:24:36'),
(116, 1, 13, 41, '2019-02-19 01:24:39', '2019-02-19 01:24:39'),
(117, 0, 13, 41, '2019-02-19 01:24:57', '2019-02-19 01:24:57'),
(118, 1, 13, 41, '2019-02-19 01:27:34', '2019-02-19 01:27:34'),
(119, 0, 13, 41, '2019-02-19 01:28:11', '2019-02-19 01:28:11'),
(120, 1, 13, 41, '2019-02-19 01:29:40', '2019-02-19 01:29:40'),
(121, 0, 13, 41, '2019-02-19 01:34:57', '2019-02-19 01:34:57'),
(122, 1, 13, 41, '2019-02-19 01:44:57', '2019-02-19 01:44:57'),
(123, 0, 13, 41, '2019-02-19 01:45:09', '2019-02-19 01:45:09'),
(124, 1, 13, 41, '2019-02-19 01:45:31', '2019-02-19 01:45:31'),
(125, 1, 13, 46, '2019-02-19 02:05:49', '2019-02-19 02:05:49'),
(126, 1, 13, 47, '2019-02-19 02:31:00', '2019-02-19 02:31:00'),
(127, 0, 13, 47, '2019-02-19 02:31:06', '2019-02-19 02:31:06'),
(128, 1, 13, 47, '2019-02-19 02:32:39', '2019-02-19 02:32:39'),
(129, 0, 13, 47, '2019-02-19 02:32:44', '2019-02-19 02:32:44'),
(130, 1, 13, 47, '2019-02-19 02:34:24', '2019-02-19 02:34:24'),
(131, 0, 13, 47, '2019-02-19 02:34:27', '2019-02-19 02:34:27'),
(132, 1, 13, 47, '2019-02-19 02:34:51', '2019-02-19 02:34:51'),
(133, 0, 13, 47, '2019-02-19 02:34:53', '2019-02-19 02:34:53'),
(134, 1, 13, 47, '2019-02-19 02:36:00', '2019-02-19 02:36:00'),
(135, 0, 13, 47, '2019-02-19 02:36:02', '2019-02-19 02:36:02'),
(136, 1, 13, 47, '2019-02-19 02:36:15', '2019-02-19 02:36:15'),
(137, 0, 13, 47, '2019-02-19 02:36:21', '2019-02-19 02:36:21'),
(138, 1, 13, 47, '2019-02-19 02:36:24', '2019-02-19 02:36:24'),
(139, 0, 13, 46, '2019-02-19 02:39:30', '2019-02-19 02:39:30'),
(140, 1, 13, 45, '2019-02-19 02:51:57', '2019-02-19 02:51:57'),
(141, 0, 13, 45, '2019-02-19 02:53:16', '2019-02-19 02:53:16'),
(142, 1, 13, 45, '2019-02-19 02:54:07', '2019-02-19 02:54:07'),
(143, 0, 13, 45, '2019-02-19 02:54:12', '2019-02-19 02:54:12'),
(144, 1, 13, 49, '2019-02-19 05:01:42', '2019-02-19 05:01:42'),
(145, 0, 13, 49, '2019-02-19 05:01:48', '2019-02-19 05:01:48'),
(146, 1, 13, 49, '2019-02-19 05:02:11', '2019-02-19 05:02:11'),
(147, 0, 13, 49, '2019-02-19 05:04:52', '2019-02-19 05:04:52'),
(148, 1, 16, 49, '2019-02-19 05:13:15', '2019-02-19 05:13:15'),
(149, 0, 16, 49, '2019-02-19 05:46:51', '2019-02-19 05:46:51'),
(150, 1, 16, 49, '2019-02-19 05:46:57', '2019-02-19 05:46:57'),
(151, 0, 16, 49, '2019-02-19 05:56:22', '2019-02-19 05:56:22'),
(152, 1, 16, 49, '2019-02-19 05:56:37', '2019-02-19 05:56:37'),
(153, 0, 16, 49, '2019-02-19 09:00:33', '2019-02-19 09:00:33'),
(154, 1, 16, 52, '2019-02-19 11:58:14', '2019-02-19 11:58:14'),
(155, 0, 16, 52, '2019-02-19 11:58:16', '2019-02-19 11:58:16'),
(156, 1, 19, 55, '2019-02-20 00:57:50', '2019-02-20 00:57:50'),
(157, 0, 19, 55, '2019-02-20 00:57:55', '2019-02-20 00:57:55'),
(158, 1, 21, 57, '2019-03-23 05:45:17', '2019-03-23 05:45:17'),
(159, 1, 22, 58, '2019-03-23 06:54:50', '2019-03-23 06:54:50'),
(160, 0, 22, 58, '2019-03-23 06:54:52', '2019-03-23 06:54:52'),
(161, 1, 22, 58, '2019-03-23 06:54:55', '2019-03-23 06:54:55'),
(162, 1, 22, 59, '2019-03-25 00:44:00', '2019-03-25 00:44:00'),
(163, 1, 22, 60, '2019-03-25 01:31:58', '2019-03-25 01:31:58'),
(164, 0, 22, 60, '2019-03-25 20:28:33', '2019-03-25 20:28:33'),
(165, 1, 22, 63, '2019-03-25 21:30:22', '2019-03-25 21:30:22'),
(166, 0, 22, 63, '2019-03-25 21:30:27', '2019-03-25 21:30:27'),
(167, 0, 3, 60, '2019-04-03 00:37:26', '2019-04-03 00:37:26'),
(168, 0, 3, 100, '2019-04-03 00:40:38', '2019-04-03 00:40:38'),
(169, 0, 166, 100, '2019-04-03 00:43:22', '2019-04-03 00:43:22'),
(170, 1, 166, 100, '2019-04-03 02:25:02', '2019-04-03 02:25:02'),
(171, 1, 166, 60, '2019-04-03 21:15:22', '2019-04-03 21:15:22'),
(172, 1, 166, 60, '2019-04-03 21:16:29', '2019-04-03 21:16:29'),
(173, 0, 166, 60, '2019-04-03 21:16:34', '2019-04-03 21:16:34'),
(174, 1, 166, 60, '2019-04-03 21:17:51', '2019-04-03 21:17:51'),
(175, 1, 166, 60, '2019-04-03 21:36:00', '2019-04-03 21:36:00'),
(176, 1, 166, 60, '2019-04-03 21:38:43', '2019-04-03 21:38:43'),
(177, 1, 166, 100, '2019-04-03 22:16:27', '2019-04-03 22:16:27'),
(178, 0, 166, 100, '2019-04-03 22:16:30', '2019-04-03 22:16:30'),
(179, 1, 167, 60, '2019-04-03 22:38:20', '2019-04-03 22:38:20'),
(180, 0, 167, 60, '2019-04-03 22:38:22', '2019-04-03 22:38:22'),
(181, 1, 168, 60, '2019-04-03 23:52:03', '2019-04-03 23:52:03'),
(182, 0, 168, 60, '2019-04-03 23:52:06', '2019-04-03 23:52:06'),
(183, 1, 168, 60, '2019-04-03 23:52:26', '2019-04-03 23:52:26'),
(184, 1, 168, 60, '2019-04-04 03:05:14', '2019-04-04 03:05:14'),
(185, 0, 168, 60, '2019-04-04 03:05:16', '2019-04-04 03:05:16'),
(186, 1, 168, 60, '2019-04-04 03:24:14', '2019-04-04 03:24:14'),
(187, 1, 168, 100, '2019-04-04 05:23:21', '2019-04-04 05:23:21'),
(188, 1, 168, 60, '2019-04-04 05:36:34', '2019-04-04 05:36:34'),
(189, 1, 168, 60, '2019-04-04 05:36:44', '2019-04-04 05:36:44'),
(190, 0, 168, 60, '2019-04-04 05:36:57', '2019-04-04 05:36:57'),
(191, 1, 168, 60, '2019-04-05 00:05:29', '2019-04-05 00:05:29'),
(192, 1, 168, 60, '2019-04-05 04:21:48', '2019-04-05 04:21:48'),
(193, 1, 168, 60, '2019-04-05 04:31:49', '2019-04-05 04:31:49'),
(194, 0, 168, 60, '2019-04-05 04:31:51', '2019-04-05 04:31:51'),
(195, 1, 168, 60, '2019-04-05 04:32:02', '2019-04-05 04:32:02'),
(196, 0, 168, 60, '2019-04-05 04:32:08', '2019-04-05 04:32:08'),
(197, 1, 168, 60, '2019-04-05 04:54:52', '2019-04-05 04:54:52'),
(198, 1, 168, 60, '2019-04-05 04:57:32', '2019-04-05 04:57:32'),
(199, 1, 168, 60, '2019-04-05 04:58:31', '2019-04-05 04:58:31'),
(200, 1, 168, 101, '2019-04-05 10:03:25', '2019-04-05 10:03:25'),
(201, 0, 168, 101, '2019-04-05 10:03:27', '2019-04-05 10:03:27'),
(202, 1, 168, 101, '2019-04-05 10:03:46', '2019-04-05 10:03:46'),
(203, 1, 168, 60, '2019-04-05 10:09:56', '2019-04-05 10:09:56'),
(204, 1, 168, 60, '2019-04-05 10:10:22', '2019-04-05 10:10:22'),
(205, 0, 168, 60, '2019-04-05 10:10:25', '2019-04-05 10:10:25'),
(206, 1, 168, 586, '2019-04-05 21:09:53', '2019-04-05 21:09:53'),
(207, 0, 168, 586, '2019-04-05 21:09:55', '2019-04-05 21:09:55'),
(208, 1, 168, 586, '2019-04-05 21:13:11', '2019-04-05 21:13:11'),
(209, 0, 168, 586, '2019-04-05 21:13:13', '2019-04-05 21:13:13'),
(210, 1, 168, 586, '2019-04-05 21:14:32', '2019-04-05 21:14:32'),
(211, 0, 168, 586, '2019-04-05 21:14:36', '2019-04-05 21:14:36'),
(212, 1, 169, 587, '2019-04-06 08:51:03', '2019-04-06 08:51:03'),
(213, 0, 169, 587, '2019-04-06 08:51:04', '2019-04-06 08:51:04'),
(214, 1, 170, 586, '2019-04-06 10:09:36', '2019-04-06 10:09:36'),
(215, 1, 170, 586, '2019-04-06 10:09:37', '2019-04-06 10:09:37'),
(216, 1, 170, 598, '2019-04-07 02:46:49', '2019-04-07 02:46:49'),
(217, 0, 170, 598, '2019-04-07 02:46:51', '2019-04-07 02:46:51'),
(218, 1, 170, 604, '2019-04-07 05:10:18', '2019-04-07 05:10:18'),
(219, 0, 170, 604, '2019-04-07 05:10:25', '2019-04-07 05:10:25'),
(220, 1, 170, 604, '2019-04-07 05:10:34', '2019-04-07 05:10:34'),
(221, 1, 170, 602, '2019-04-07 05:16:32', '2019-04-07 05:16:32'),
(222, 0, 170, 602, '2019-04-07 05:16:48', '2019-04-07 05:16:48'),
(223, 1, 170, 602, '2019-04-07 05:17:23', '2019-04-07 05:17:23'),
(224, 0, 170, 602, '2019-04-07 05:17:31', '2019-04-07 05:17:31'),
(225, 1, 170, 602, '2019-04-07 05:32:28', '2019-04-07 05:32:28'),
(226, 0, 170, 602, '2019-04-07 05:32:29', '2019-04-07 05:32:29'),
(227, 1, 170, 602, '2019-04-07 05:32:37', '2019-04-07 05:32:37'),
(228, 0, 170, 602, '2019-04-07 05:32:38', '2019-04-07 05:32:38'),
(229, 1, 170, 602, '2019-04-07 05:32:42', '2019-04-07 05:32:42'),
(230, 0, 170, 602, '2019-04-07 05:32:43', '2019-04-07 05:32:43'),
(231, 1, 170, 605, '2019-04-07 06:04:11', '2019-04-07 06:04:11'),
(232, 0, 170, 605, '2019-04-07 06:04:17', '2019-04-07 06:04:17'),
(233, 1, 170, 605, '2019-04-07 06:04:23', '2019-04-07 06:04:23'),
(234, 1, 171, 60, '2019-04-08 01:54:04', '2019-04-08 01:54:04'),
(235, 0, 171, 60, '2019-04-08 01:54:06', '2019-04-08 01:54:06'),
(236, 0, 171, 60, '2019-04-08 05:26:52', '2019-04-08 05:26:52'),
(237, 1, 171, 60, '2019-04-08 05:26:54', '2019-04-08 05:26:54'),
(238, 0, 171, 60, '2019-04-08 05:26:55', '2019-04-08 05:26:55'),
(239, 1, 171, 60, '2019-04-08 05:29:43', '2019-04-08 05:29:43'),
(240, 0, 171, 60, '2019-04-08 05:29:45', '2019-04-08 05:29:45'),
(241, 1, 171, 60, '2019-04-08 05:46:23', '2019-04-08 05:46:23'),
(242, 0, 171, 60, '2019-04-08 05:46:24', '2019-04-08 05:46:24'),
(243, 0, 171, 60, '2019-04-08 06:04:01', '2019-04-08 06:04:01'),
(244, 1, 171, 60, '2019-04-08 06:04:02', '2019-04-08 06:04:02'),
(245, 1, 171, 60, '2019-04-08 06:12:39', '2019-04-08 06:12:39'),
(246, 1, 171, 60, '2019-04-08 07:22:49', '2019-04-08 07:22:49'),
(247, 0, 171, 60, '2019-04-08 07:22:51', '2019-04-08 07:22:51'),
(248, 1, 171, 60, '2019-04-08 07:22:59', '2019-04-08 07:22:59'),
(249, 1, 171, 60, '2019-04-08 09:40:26', '2019-04-08 09:40:26'),
(250, 0, 171, 60, '2019-04-08 09:40:28', '2019-04-08 09:40:28'),
(251, 1, 171, 60, '2019-04-08 09:40:42', '2019-04-08 09:40:42'),
(252, 0, 171, 60, '2019-04-08 09:40:45', '2019-04-08 09:40:45'),
(253, 1, 171, 100, '2019-04-08 09:43:30', '2019-04-08 09:43:30'),
(254, 1, 171, 100, '2019-04-08 09:43:31', '2019-04-08 09:43:31'),
(255, 1, 171, 101, '2019-04-08 09:46:47', '2019-04-08 09:46:47'),
(256, 1, 171, 101, '2019-04-08 09:46:55', '2019-04-08 09:46:55'),
(257, 1, 171, 101, '2019-04-08 09:46:57', '2019-04-08 09:46:57'),
(258, 1, 171, 60, '2019-04-08 09:47:36', '2019-04-08 09:47:36'),
(259, 1, 171, 60, '2019-04-08 09:47:36', '2019-04-08 09:47:36'),
(260, 1, 171, 60, '2019-04-08 09:47:38', '2019-04-08 09:47:38'),
(261, 1, 171, 60, '2019-04-08 09:47:39', '2019-04-08 09:47:39'),
(262, 1, 171, 60, '2019-04-08 09:47:40', '2019-04-08 09:47:40'),
(263, 1, 171, 60, '2019-04-08 09:47:41', '2019-04-08 09:47:41'),
(264, 1, 171, 60, '2019-04-08 09:47:42', '2019-04-08 09:47:42'),
(265, 1, 171, 60, '2019-04-08 09:47:43', '2019-04-08 09:47:43'),
(266, 1, 171, 60, '2019-04-08 09:49:07', '2019-04-08 09:49:07'),
(267, 1, 171, 60, '2019-04-08 09:49:10', '2019-04-08 09:49:10'),
(268, 1, 171, 60, '2019-04-08 09:49:31', '2019-04-08 09:49:31'),
(269, 1, 171, 60, '2019-04-08 09:49:36', '2019-04-08 09:49:36'),
(270, 1, 171, 60, '2019-04-08 09:50:02', '2019-04-08 09:50:02'),
(271, 1, 171, 60, '2019-04-08 09:50:03', '2019-04-08 09:50:03'),
(272, 1, 171, 60, '2019-04-08 09:50:07', '2019-04-08 09:50:07'),
(273, 1, 171, 60, '2019-04-08 09:50:13', '2019-04-08 09:50:13'),
(274, 1, 171, 100, '2019-04-08 10:07:02', '2019-04-08 10:07:02'),
(275, 1, 171, 60, '2019-04-08 10:52:47', '2019-04-08 10:52:47'),
(276, 1, 171, 100, '2019-04-08 11:03:48', '2019-04-08 11:03:48'),
(277, 1, 171, 60, '2019-04-08 20:42:13', '2019-04-08 20:42:13'),
(278, 1, 171, 618, '2019-04-08 21:37:31', '2019-04-08 21:37:31'),
(279, 1, 171, 618, '2019-04-08 21:37:31', '2019-04-08 21:37:31'),
(280, 1, 171, 616, '2019-04-08 22:08:35', '2019-04-08 22:08:35');

-- --------------------------------------------------------

--
-- Table structure for table `posts`
--

CREATE TABLE `posts` (
  `id` int(10) UNSIGNED NOT NULL,
  `created_at` timestamp NULL DEFAULT NULL,
  `updated_at` timestamp NULL DEFAULT NULL,
  `user_id` int(11) NOT NULL,
  `post` text COLLATE utf8mb4_unicode_ci NOT NULL
) ENGINE=InnoDB DEFAULT CHARSET=utf8mb4 COLLATE=utf8mb4_unicode_ci;

--
-- Dumping data for table `posts`
--

INSERT INTO `posts` (`id`, `created_at`, `updated_at`, `user_id`, `post`) VALUES
(60, '2019-03-25 01:07:21', '2019-03-25 20:28:26', 22, 'is it worth it\r\nno\r\nwhy not'),
(100, '2019-03-28 23:53:18', '2019-03-28 23:53:18', 69, 'Alice, \'it\'s very easy to know what they\'re about!\' \'Read them,\' said the Caterpillar. \'Not QUITE right, I\'m afraid,\' said Alice, surprised at her feet, they seemed to follow, except a little glass.'),
(101, '2019-03-28 23:53:18', '2019-03-28 23:53:18', 70, 'I almost think I should think!\' (Dinah was the Rabbit hastily interrupted. \'There\'s a great many teeth, so she felt sure it would like the Queen?\' said the Dormouse, and repeated her question. \'Why.'),
(102, '2019-03-28 23:53:18', '2019-03-28 23:53:18', 70, 'CHAPTER X. The Lobster Quadrille is!\' \'No, indeed,\' said Alice. \'That\'s the reason they\'re called lessons,\' the Gryphon in an offended tone, \'so I can\'t understand it myself to begin with.\' \'A.'),
(103, '2019-03-28 23:53:18', '2019-03-28 23:53:18', 70, 'I shall be punished for it flashed across her mind that she looked up, and began singing in its hurry to change the subject. \'Go on with the Queen of Hearts were seated on their slates, when the.'),
(104, '2019-03-28 23:53:18', '2019-03-28 23:53:18', 70, 'I almost wish I\'d gone to see it quite plainly through the little golden key in the distance would take the hint; but the Dodo solemnly presented the thimble, looking as solemn as she could see.'),
(105, '2019-03-28 23:53:18', '2019-03-28 23:53:18', 70, 'WHAT?\' thought Alice; \'I can\'t help that,\' said the Gryphon. \'They can\'t have anything to say, she simply bowed, and took the thimble, saying \'We beg your pardon!\' cried Alice hastily, afraid that.'),
(106, '2019-03-28 23:53:18', '2019-03-28 23:53:18', 70, 'This speech caused a remarkable sensation among the distant sobs of the house, quite forgetting her promise. \'Treacle,\' said the Dodo, pointing to the whiting,\' said Alice, and she had put the.'),
(107, '2019-03-28 23:53:18', '2019-03-28 23:53:18', 70, 'You MUST have meant some mischief, or else you\'d have signed your name like an honest man.\' There was a body to cut it off from: that he had to double themselves up and walking away. \'You insult me.'),
(108, '2019-03-28 23:53:18', '2019-03-28 23:53:18', 70, 'Alice: \'allow me to sell you a couple?\' \'You are old, Father William,\' the young Crab, a little queer, won\'t you?\' \'Not a bit,\' said the Caterpillar. \'Well, perhaps not,\' said Alice very politely.'),
(121, '2019-03-28 23:53:18', '2019-03-28 23:53:18', 73, 'Duchess asked, with another dig of her own mind (as well as she remembered how small she was now, and she did not get dry very soon. \'Ahem!\' said the King: \'leave out that one of the table, but.'),
(122, '2019-03-28 23:53:18', '2019-03-28 23:53:18', 74, 'Alice, always ready to talk about trouble!\' said the Gryphon, and, taking Alice by the time he had come to the Gryphon. \'We can do no more, whatever happens. What WILL become of me? They\'re.'),
(123, '2019-03-28 23:53:18', '2019-03-28 23:53:18', 74, 'Queen, who were all ornamented with hearts. Next came the royal children; there were three little sisters,\' the Dormouse began in a tone of the game, feeling very glad to find it out, we should all.'),
(124, '2019-03-28 23:53:18', '2019-03-28 23:53:18', 74, 'Alice had been to the beginning of the others looked round also, and all that,\' he said to the Gryphon. \'Do you know about it, and yet it was very nearly getting up and picking the daisies, when.'),
(125, '2019-03-28 23:53:18', '2019-03-28 23:53:18', 75, 'Alice in a great deal to come before that!\' \'Call the next witness. It quite makes my forehead ache!\' Alice watched the Queen had only one who had been would have this cat removed!\' The Queen smiled.'),
(126, '2019-03-28 23:53:18', '2019-03-28 23:53:18', 75, 'There was exactly three inches high). \'But I\'m not the smallest notice of her knowledge. \'Just think of any good reason, and as the Dormouse went on, \'What HAVE you been doing here?\' \'May it please.'),
(127, '2019-03-28 23:53:18', '2019-03-28 23:53:18', 75, 'THAT direction,\' waving the other two were using it as a last resource, she put one arm out of the March Hare said in a very good height indeed!\' said the Caterpillar; and it put the hookah into its.'),
(128, '2019-03-28 23:53:18', '2019-03-28 23:53:18', 75, 'Cat. \'I don\'t think it\'s at all know whether it was indeed: she was peering about anxiously among the trees, a little timidly, \'why you are very dull!\' \'You ought to have been changed for any.'),
(158, '2019-03-28 23:53:19', '2019-03-28 23:53:19', 81, 'Two. Two began in a louder tone. \'ARE you to get in?\' asked Alice again, in a long, low hall, which was the BEST butter, you know.\' It was, no doubt: only Alice did not at all a pity. I said \"What.'),
(167, '2019-03-28 23:53:19', '2019-03-28 23:53:19', 83, 'Beautiful, beauti--FUL SOUP!\' \'Chorus again!\' cried the Mouse, turning to the heads of the thing yourself, some winter day, I will prosecute YOU.--Come, I\'ll take no denial; We must have a trial.'),
(168, '2019-03-28 23:53:19', '2019-03-28 23:53:19', 83, 'Mock Turtle a little timidly, for she was now, and she tried to fancy to herself \'That\'s quite enough--I hope I shan\'t grow any more--As it is, I suppose?\' said Alice. \'It must be removed,\' said the.'),
(169, '2019-03-28 23:53:19', '2019-03-28 23:53:19', 83, 'Dormouse turned out, and, by the way YOU manage?\' Alice asked. The Hatter was the first position in dancing.\' Alice said; but was dreadfully puzzled by the way, was the cat.) \'I hope they\'ll.'),
(578, '2019-03-30 00:16:34', '2019-03-30 00:16:34', 21, 'is it tweet'),
(579, '2019-04-03 00:59:14', '2019-04-03 00:59:14', 166, 'bushra'),
(580, '2019-04-03 00:59:23', '2019-04-03 00:59:23', 166, 'hghghgv'),
(585, '2019-04-05 10:33:19', '2019-04-05 10:33:19', 168, 'whats going on'),
(586, '2019-04-05 10:45:03', '2019-04-05 10:45:03', 168, 'what'),
(587, '2019-04-06 08:50:57', '2019-04-06 08:50:57', 169, 'wao'),
(588, '2019-04-07 00:32:58', '2019-04-07 00:32:58', 170, 'i am awsome'),
(589, '2019-04-07 00:35:44', '2019-04-07 00:35:44', 170, 'is it working'),
(590, '2019-04-07 00:37:26', '2019-04-07 00:37:26', 170, 'bushra'),
(591, '2019-04-07 00:42:21', '2019-04-07 00:42:21', 170, 'awsome'),
(592, '2019-04-07 00:49:44', '2019-04-07 00:49:44', 170, 'reaaad'),
(593, '2019-04-07 00:56:34', '2019-04-07 00:56:34', 170, 'ffffff'),
(594, '2019-04-07 00:58:16', '2019-04-07 00:58:16', 170, 'is it working'),
(595, '2019-04-07 01:06:38', '2019-04-07 01:06:38', 170, 'its tweet'),
(596, '2019-04-07 01:08:50', '2019-04-07 01:08:50', 170, 'plz stay stable'),
(597, '2019-04-07 01:08:50', '2019-04-07 01:08:50', 170, 'plz stay stable'),
(598, '2019-04-07 01:09:11', '2019-04-07 01:09:11', 170, 'yes'),
(599, '2019-04-07 01:58:23', '2019-04-07 01:58:23', 170, 'is it working'),
(600, '2019-04-07 02:01:59', '2019-04-07 02:01:59', 170, 'wao thats amazing'),
(601, '2019-04-07 02:38:30', '2019-04-07 02:38:30', 170, 'yes'),
(602, '2019-04-07 05:05:35', '2019-04-07 05:05:35', 170, 'hgf'),
(605, '2019-04-07 05:46:17', '2019-04-07 05:46:17', 170, 'too much work'),
(606, '2019-04-07 07:35:17', '2019-04-07 07:35:17', 170, 'i m dead'),
(607, '2019-04-07 07:37:47', '2019-04-07 07:37:47', 170, 'whats going on'),
(608, '2019-04-07 07:38:13', '2019-04-07 07:38:13', 170, 'tooomuch stuff                          too'),
(609, '2019-04-07 08:39:42', '2019-04-07 08:39:42', 21, 'ggggg'),
(610, '2019-04-07 08:47:53', '2019-04-07 08:47:53', 21, 'plzzzzzzz'),
(611, '2019-04-07 09:23:43', '2019-04-07 09:23:43', 21, 'ff'),
(612, '2019-04-07 23:18:55', '2019-04-07 23:18:55', 21, 'please work now'),
(613, '2019-04-07 23:19:12', '2019-04-07 23:19:12', 21, 'yah its working'),
(614, '2019-04-08 05:41:54', '2019-04-08 05:41:54', 171, 'ttt'),
(615, '2019-04-08 08:05:56', '2019-04-08 08:05:56', 171, 'it is'),
(616, '2019-04-08 09:12:30', '2019-04-08 09:12:30', 171, 'RR'),
(617, '2019-04-08 21:25:56', '2019-04-08 21:25:56', 171, 'its monday'),
(618, '2019-04-08 21:26:09', '2019-04-08 21:26:09', 171, 'why i am doing this study');

-- --------------------------------------------------------

--
-- Table structure for table `userdetails`
--

CREATE TABLE `userdetails` (
  `id` int(10) UNSIGNED NOT NULL,
  `created_at` timestamp NULL DEFAULT NULL,
  `updated_at` timestamp NULL DEFAULT NULL
) ENGINE=InnoDB DEFAULT CHARSET=utf8mb4 COLLATE=utf8mb4_unicode_ci;

-- --------------------------------------------------------

--
-- Table structure for table `users`
--

CREATE TABLE `users` (
  `id` int(10) UNSIGNED NOT NULL,
  `name` varchar(255) COLLATE utf8mb4_unicode_ci NOT NULL,
  `last_name` varchar(255) COLLATE utf8mb4_unicode_ci NOT NULL DEFAULT ' ',
  `gender` varchar(1) COLLATE utf8mb4_unicode_ci NOT NULL DEFAULT ' ',
  `dob` varchar(255) COLLATE utf8mb4_unicode_ci NOT NULL DEFAULT '  ',
  `country` varchar(255) COLLATE utf8mb4_unicode_ci NOT NULL DEFAULT '   ',
  `email` varchar(255) COLLATE utf8mb4_unicode_ci NOT NULL,
  `email_verified_at` timestamp NULL DEFAULT NULL,
  `password` varchar(255) COLLATE utf8mb4_unicode_ci NOT NULL,
  `telephone` varchar(255) COLLATE utf8mb4_unicode_ci NOT NULL DEFAULT '  ',
  `remember_token` varchar(100) COLLATE utf8mb4_unicode_ci DEFAULT NULL,
  `created_at` timestamp NULL DEFAULT NULL,
  `updated_at` timestamp NULL DEFAULT NULL
) ENGINE=InnoDB DEFAULT CHARSET=utf8mb4 COLLATE=utf8mb4_unicode_ci;

--
-- Dumping data for table `users`
--

INSERT INTO `users` (`id`, `name`, `last_name`, `gender`, `dob`, `country`, `email`, `email_verified_at`, `password`, `telephone`, `remember_token`, `created_at`, `updated_at`) VALUES
(13, 'willsmith', 'smith', 'm', '22-22-22', 'world', 'willsmith@gmail.com', NULL, '$2y$10$ye.JnQ7bNTd7yTWTDqp2VOTpkDbtAi3tRh1tdeM64Ne1Xkdb9AFRW', '777775555', 'rM0eRS05yAIFBzScuk2V2406fkW1eA4QhV1yrt3m5EnpZoVoGBqHPai3EK5M', '2019-02-16 02:31:14', '2019-02-19 02:04:05'),
(16, 'Mona', ' ', ' ', '  ', '   ', 'mona@gmail.com', NULL, '$2y$10$4Iz.FOZE02pMFGjPCHEdF.8oJrSp03kGB7RUx7Ds5NaJ1qT9f9GYq', '  ', 'ppROgn2bnPFgHT4xms6gpPI8PyBpSo6VlNoTnNwapPykgoNHLpifwBzAXOci', '2019-02-18 08:24:05', '2019-02-18 08:24:05'),
(17, 'JASON', 'mota', 'm', '22fabrary', 'Canada', 'ace.nasir@me.com', NULL, '$2y$10$cac9BuBlsNMe9/Ytfb2bhO9QQonhLdRXFm9fVnIL3ugeKgU7M60Oi', '7802385756', NULL, '2019-02-19 10:03:42', '2019-02-19 10:50:43'),
(18, 'Lilly', ' ', ' ', '  ', '   ', 'lilly@gmail.com', NULL, '$2y$10$GzGP960veE63EBn.mkqXZuGQFbuq5.JBHJC6QJrwc9Vy1.IX7UHrG', '  ', NULL, '2019-02-19 12:12:16', '2019-02-19 12:12:16'),
(19, 'chifuka', 'itc', 'm', '2222', 'canada', 'chifuka@gmail.com', NULL, '$2y$10$ozw3ZPlLnBEXEEAgm2.A/.2LuKrnOXe6WUovdpR/3Tm1QIuHe4zZy', '7777777', NULL, '2019-02-20 00:52:40', '2019-02-20 01:01:21'),
(20, 'Jordan', ' ', ' ', '  ', '   ', 'Jordan@gmail.com', NULL, '$2y$10$zMA9N/r1HsdnTnyBX5JfT.kW7BCf4.9J2mLZDknk7ZrzZrbhgLfQu', '  ', NULL, '2019-03-08 01:32:41', '2019-03-08 01:32:41'),
(21, 'ali', ' ', ' ', '  ', '   ', 'ali@hotmail.com', NULL, '$2y$10$NCcgtbySvte7YW6mnItKtuxbH5UMeawY9ZpJxiNaYB8u0eVO8w93C', '  ', 'TB3yWS3AnVIze3dqOy0eSaBeUZQY05jzZVwu94PNeZOO9n2RGgqql3aBqz60', '2019-03-22 23:52:55', '2019-03-22 23:52:55'),
(22, 'Bushra Chattha', ' ', ' ', '  ', '   ', 'bushra@hotmail.com', NULL, '$2y$10$lMaZ8XrqaLIugH7MSaKVO.yaLMJlJdkRdE77205RxV/9EKRjc8xnW', '  ', 'S4K59GsaX2PsXf9tQJ4BHb8JzGJIlQqulPxdzIHbJZ2yj8YUTSjaup31c9gL', '2019-03-23 06:46:45', '2019-03-23 06:46:45'),
(30, 'nZENYOwnRU', ' ', ' ', '  ', '   ', 'IpyNnrXXch@gmail.com', NULL, '$2y$10$jejP52N.UY/lUa6B9tP8UOimsHuFBdfwEbDhfi97SiBEcic3889jy', '  ', NULL, NULL, NULL),
(31, 'Aniya Leuschke IV', ' ', ' ', '  ', '   ', 'maurine.wisozk@example.org', '2019-03-28 22:06:29', '$2y$10$TKh8H1.PfQx37YgCzwiKb.KjNyWgaHb9cbcoQgdIVFlYg7B77UdFm', '  ', 'hZ4Y4LMM5L', '2019-03-28 22:06:29', '2019-03-28 22:06:29'),
(32, 'Candace Morar', ' ', ' ', '  ', '   ', 'friesen.merl@example.org', '2019-03-28 22:06:29', '$2y$10$TKh8H1.PfQx37YgCzwiKb.KjNyWgaHb9cbcoQgdIVFlYg7B77UdFm', '  ', 'l4xWXOF4X8', '2019-03-28 22:06:29', '2019-03-28 22:06:29'),
(33, 'Austyn Jenkins', ' ', ' ', '  ', '   ', 'janae59@example.net', '2019-03-28 22:06:29', '$2y$10$TKh8H1.PfQx37YgCzwiKb.KjNyWgaHb9cbcoQgdIVFlYg7B77UdFm', '  ', 'raBF16Mfcx', '2019-03-28 22:06:29', '2019-03-28 22:06:29'),
(34, 'Jasper Weissnat', ' ', ' ', '  ', '   ', 'maddison.reichert@example.net', '2019-03-28 22:06:29', '$2y$10$TKh8H1.PfQx37YgCzwiKb.KjNyWgaHb9cbcoQgdIVFlYg7B77UdFm', '  ', 'tVodJzyrfN', '2019-03-28 22:06:29', '2019-03-28 22:06:29'),
(35, 'Cierra Boehm PhD', ' ', ' ', '  ', '   ', 'rstamm@example.com', '2019-03-28 22:06:29', '$2y$10$TKh8H1.PfQx37YgCzwiKb.KjNyWgaHb9cbcoQgdIVFlYg7B77UdFm', '  ', '2TpqaJigsQ', '2019-03-28 22:06:29', '2019-03-28 22:06:29'),
(36, 'Donavon Goodwin', ' ', ' ', '  ', '   ', 'adalberto91@example.org', '2019-03-28 22:08:50', '$2y$10$TKh8H1.PfQx37YgCzwiKb.KjNyWgaHb9cbcoQgdIVFlYg7B77UdFm', '  ', 'Zs38tbEEPR', '2019-03-28 22:08:50', '2019-03-28 22:08:50'),
(37, 'Jazmyn O\'Reilly', ' ', ' ', '  ', '   ', 'omann@example.org', '2019-03-28 22:08:50', '$2y$10$TKh8H1.PfQx37YgCzwiKb.KjNyWgaHb9cbcoQgdIVFlYg7B77UdFm', '  ', '8AUIOpZUaS', '2019-03-28 22:08:50', '2019-03-28 22:08:50'),
(38, 'Talon Steuber Sr.', ' ', ' ', '  ', '   ', 'serenity.pacocha@example.net', '2019-03-28 22:08:50', '$2y$10$TKh8H1.PfQx37YgCzwiKb.KjNyWgaHb9cbcoQgdIVFlYg7B77UdFm', '  ', 'CqS0xMVOKd', '2019-03-28 22:08:50', '2019-03-28 22:08:50'),
(39, 'Gertrude Fay', ' ', ' ', '  ', '   ', 'unique06@example.com', '2019-03-28 22:08:50', '$2y$10$TKh8H1.PfQx37YgCzwiKb.KjNyWgaHb9cbcoQgdIVFlYg7B77UdFm', '  ', '90NbbXjHLo', '2019-03-28 22:08:50', '2019-03-28 22:08:50'),
(40, 'Hadley Sanford Sr.', ' ', ' ', '  ', '   ', 'eriberto52@example.com', '2019-03-28 22:08:50', '$2y$10$TKh8H1.PfQx37YgCzwiKb.KjNyWgaHb9cbcoQgdIVFlYg7B77UdFm', '  ', 'E25yRE18ws', '2019-03-28 22:08:50', '2019-03-28 22:08:50'),
(41, 'Isaac Rowe DDS', 'Isaac Rau', 'F', '  ', '   ', 'daniella99@example.com', '2019-03-28 22:22:23', '$2y$10$TKh8H1.PfQx37YgCzwiKb.KjNyWgaHb9cbcoQgdIVFlYg7B77UdFm', '342.940.5515 x4403', 'akAC8XzCHr', '2019-03-28 22:22:23', '2019-03-28 22:22:23'),
(42, 'Elisa Towne DVM', 'Kay Feeney Sr.', 'M', '  ', '   ', 'scot55@example.org', '2019-03-28 22:22:23', '$2y$10$TKh8H1.PfQx37YgCzwiKb.KjNyWgaHb9cbcoQgdIVFlYg7B77UdFm', '275.452.2815', 'UpWOj2KcQU', '2019-03-28 22:22:23', '2019-03-28 22:22:23'),
(61, 'Bridget Boehm', 'Violette McDermott', 'F', '  ', 'Solomon Islands', 'golda.berge@example.org', '2019-03-28 23:42:12', '$2y$10$TKh8H1.PfQx37YgCzwiKb.KjNyWgaHb9cbcoQgdIVFlYg7B77UdFm', '948-990-9910 x2001', 'IuwZdvhpKb', '2019-03-28 23:42:12', '2019-03-28 23:42:12'),
(62, 'Burley Wiza', 'Felicity Sipes', 'F', '  ', 'Malawi', 'isidro63@example.com', '2019-03-28 23:42:12', '$2y$10$TKh8H1.PfQx37YgCzwiKb.KjNyWgaHb9cbcoQgdIVFlYg7B77UdFm', '1-450-428-2050', 'ANDnR7b5rn', '2019-03-28 23:42:12', '2019-03-28 23:42:12'),
(63, 'Margarita Bartell', 'Lilla Kemmer', 'F', '  ', 'Belgium', 'ddaniel@example.net', '2019-03-28 23:42:12', '$2y$10$TKh8H1.PfQx37YgCzwiKb.KjNyWgaHb9cbcoQgdIVFlYg7B77UdFm', '390-214-2157 x5700', 'ipgf8KGwzz', '2019-03-28 23:42:12', '2019-03-28 23:42:12'),
(64, 'Devon Bergstrom I', 'Luella Raynor', 'F', '  ', 'Sweden', 'moses.oberbrunner@example.org', '2019-03-28 23:42:12', '$2y$10$TKh8H1.PfQx37YgCzwiKb.KjNyWgaHb9cbcoQgdIVFlYg7B77UdFm', '(257) 439-4126 x54178', 'Q8LxRljZhv', '2019-03-28 23:42:12', '2019-03-28 23:42:12'),
(65, 'Prof. Torrey Cummings', 'Jeanne Oberbrunner', 'F', '  ', 'Azerbaijan', 'alberto.heaney@example.net', '2019-03-28 23:42:12', '$2y$10$TKh8H1.PfQx37YgCzwiKb.KjNyWgaHb9cbcoQgdIVFlYg7B77UdFm', '(316) 572-2755 x91670', 'y9uQLqH2ht', '2019-03-28 23:42:12', '2019-03-28 23:42:12'),
(66, 'Ms. Kelli Simonis', 'Dr. Rafael White IV', 'M', '  ', 'Northern Mariana Islands', 'lynch.newell@example.net', '2019-03-28 23:53:18', '$2y$10$TKh8H1.PfQx37YgCzwiKb.KjNyWgaHb9cbcoQgdIVFlYg7B77UdFm', '589-261-0091', 'BOyjC45AbG', '2019-03-28 23:53:18', '2019-03-28 23:53:18'),
(67, 'Krystina Kessler DDS', 'Logan Stoltenberg', 'F', '  ', 'Antigua and Barbuda', 'rosenbaum.gaetano@example.org', '2019-03-28 23:53:18', '$2y$10$TKh8H1.PfQx37YgCzwiKb.KjNyWgaHb9cbcoQgdIVFlYg7B77UdFm', '626-414-9951', 'gNImUXkCs3', '2019-03-28 23:53:18', '2019-03-28 23:53:18'),
(68, 'Lori Huel', 'Prof. Buck Raynor', 'F', '  ', 'Timor-Leste', 'krajcik.kristofer@example.org', '2019-03-28 23:53:18', '$2y$10$TKh8H1.PfQx37YgCzwiKb.KjNyWgaHb9cbcoQgdIVFlYg7B77UdFm', '1-960-579-8325', 'Fp8IED0tAE', '2019-03-28 23:53:18', '2019-03-28 23:53:18'),
(69, 'Prof. Caden Blanda III', 'Hester Russel', 'M', '  ', 'Netherlands Antilles', 'elfrieda64@example.net', '2019-03-28 23:53:18', '$2y$10$TKh8H1.PfQx37YgCzwiKb.KjNyWgaHb9cbcoQgdIVFlYg7B77UdFm', '876-560-2141 x73220', 'd8jQl2vaDZ', '2019-03-28 23:53:18', '2019-03-28 23:53:18'),
(166, 'zeeshan', ' ', ' ', '  ', '   ', 'zee@hotmail.com', NULL, '$2y$10$PF7sNF6k2QuPRtkYSrbxH.mliuzOcMgJ0crKz2IevR.OzKxuTQCSK', '  ', 'kLXxuT8CyHfc60D7URCjGiM5qMUSjFnV0iqxH2IB9vbqCAQoZvoA5PibH25T', '2019-03-31 05:13:51', '2019-03-31 05:13:51'),
(167, 'sarmad', ' ', ' ', '  ', '   ', 'sarmad@gmail.com', NULL, '$2y$10$tucW/8bYLhlRpwUJwwWYoetugKm2ZDe62CZh0JNgUMla7f3zQdqIe', '  ', NULL, '2019-04-03 22:36:08', '2019-04-03 22:36:08'),
(168, 'Bushra Chattha', ' ', ' ', '  ', '   ', 'bushra1@hotmail.com', NULL, '$2y$10$mSoMLiK/k3fT3R8EqVs6HerBtECgyuqj8zC3DGaaDAEj.jmxsHjDO', '  ', 'oekszABuJLP3kad7NDfAtO0W8UpOumbBGuGEOqkhHw0SYf3fWNwwNEldB7Zu', '2019-04-03 23:51:52', '2019-04-03 23:51:52'),
(169, 'sarmad', 'chattha', 'm', '111111', 'australia', 'sam@gmail.com', NULL, '$2y$10$88jW588APFz7odXXdqizCeVu1wIUUVbYUn6.XpJgJYsVE.sSPhzNa', '303816514', 'WEAZHemWND0EHJ6ButYbm5l9fCbmzAaAH3WJfc0tvkFy7b17kO77b7Nxnj09', '2019-04-05 22:59:39', '2019-04-06 09:28:40'),
(170, 'Mubashar', ' ', ' ', '  ', '   ', 'mubashar@gmail.com', NULL, '$2y$10$HWWtSmsoFHr/MzDmX4AxdemGwDL4opEH7.3JUrMLKattoqRufAlqC', '  ', '9YaLNEBBIlHpalLugX2TojBaPOVupCRJkTiWZTcj7VxoNMcciTkDNLyTbSqq', '2019-04-06 09:31:40', '2019-04-06 09:31:40'),
(171, 'Sam Smith', 'Smith', 'M', '11-25-2019', 'CANADA', 'smith@gmail.com', NULL, '$2y$10$RplejEpDhpAxBcNzlXkUGeVEAxzdIE6VoHy0ltu9WxV2zNLP.AG6m', '780-222-2222', '9D17jYEb9WIISJbhKC5aZS5f3xYcn583pIsRO45M9e35sSIJgFXk7qsy4KET', '2019-04-08 01:53:39', '2019-04-08 01:55:57');

--
-- Indexes for dumped tables
--

--
-- Indexes for table `comments`
--
ALTER TABLE `comments`
  ADD PRIMARY KEY (`id`);

--
-- Indexes for table `followers`
--
ALTER TABLE `followers`
  ADD PRIMARY KEY (`id`),
  ADD KEY `followers_user_id_foreign` (`user_id`),
  ADD KEY `followers_follower_id_foreign` (`follower_id`);

--
-- Indexes for table `migrations`
--
ALTER TABLE `migrations`
  ADD PRIMARY KEY (`id`);

--
-- Indexes for table `password_resets`
--
ALTER TABLE `password_resets`
  ADD KEY `password_resets_email_index` (`email`);

--
-- Indexes for table `postlikes`
--
ALTER TABLE `postlikes`
  ADD PRIMARY KEY (`id`);

--
-- Indexes for table `posts`
--
ALTER TABLE `posts`
  ADD PRIMARY KEY (`id`);

--
-- Indexes for table `userdetails`
--
ALTER TABLE `userdetails`
  ADD PRIMARY KEY (`id`);

--
-- Indexes for table `users`
--
ALTER TABLE `users`
  ADD PRIMARY KEY (`id`),
  ADD UNIQUE KEY `users_email_unique` (`email`);

--
-- AUTO_INCREMENT for dumped tables
--

--
-- AUTO_INCREMENT for table `comments`
--
ALTER TABLE `comments`
  MODIFY `id` int(10) UNSIGNED NOT NULL AUTO_INCREMENT, AUTO_INCREMENT=7;

--
-- AUTO_INCREMENT for table `followers`
--
ALTER TABLE `followers`
  MODIFY `id` int(10) UNSIGNED NOT NULL AUTO_INCREMENT, AUTO_INCREMENT=106;

--
-- AUTO_INCREMENT for table `migrations`
--
ALTER TABLE `migrations`
  MODIFY `id` int(10) UNSIGNED NOT NULL AUTO_INCREMENT, AUTO_INCREMENT=9;

--
-- AUTO_INCREMENT for table `postlikes`
--
ALTER TABLE `postlikes`
  MODIFY `id` int(10) UNSIGNED NOT NULL AUTO_INCREMENT, AUTO_INCREMENT=281;

--
-- AUTO_INCREMENT for table `posts`
--
ALTER TABLE `posts`
  MODIFY `id` int(10) UNSIGNED NOT NULL AUTO_INCREMENT, AUTO_INCREMENT=619;

--
-- AUTO_INCREMENT for table `userdetails`
--
ALTER TABLE `userdetails`
  MODIFY `id` int(10) UNSIGNED NOT NULL AUTO_INCREMENT;

--
-- AUTO_INCREMENT for table `users`
--
ALTER TABLE `users`
  MODIFY `id` int(10) UNSIGNED NOT NULL AUTO_INCREMENT, AUTO_INCREMENT=172;

--
-- Constraints for dumped tables
--

--
-- Constraints for table `followers`
--
ALTER TABLE `followers`
  ADD CONSTRAINT `followers_follower_id_foreign` FOREIGN KEY (`follower_id`) REFERENCES `users` (`id`) ON DELETE CASCADE,
  ADD CONSTRAINT `followers_user_id_foreign` FOREIGN KEY (`user_id`) REFERENCES `users` (`id`) ON DELETE CASCADE;
